{"cameraMode":{"drawMode":0,"name":"Shaded","section":"Shading Mode"},"sceneLighting":false,"audioPlay":false,"sceneViewState":{"showFog":true,"showMaterialUpdate":false,"showSkybox":true,"showFlares":true,"showImageEffects":true,"showParticleSystems":true},"in2DMode":false,"pivot":{"x":0.8747940063476563,"y":-33.128807067871097,"z":60.888694763183597},"rotation":{"x":0.3801654279232025,"y":0.39248356223106387,"z":-0.18249166011810304,"w":0.8174123764038086},"size":89.17546081542969,"orthographic":false}