{"cameraMode":{"drawMode":0,"name":"Shaded","section":"Shading Mode"},"sceneLighting":true,"audioPlay":false,"sceneViewState":{"showFog":true,"showMaterialUpdate":false,"showSkybox":true,"showFlares":true,"showImageEffects":true,"showParticleSystems":true},"in2DMode":false,"pivot":{"x":46.7692756652832,"y":14.427024841308594,"z":25.803958892822267},"rotation":{"x":-0.009287163615226746,"y":-0.06834673881530762,"z":0.0006354269571602345,"w":-0.9976234436035156},"size":31.69359588623047,"orthographic":false}