{"cameraMode":{"drawMode":0,"name":"Shaded","section":"Shading Mode"},"sceneLighting":false,"audioPlay":false,"sceneViewState":{"showFog":true,"showMaterialUpdate":false,"showSkybox":true,"showFlares":true,"showImageEffects":true,"showParticleSystems":true},"in2DMode":false,"pivot":{"x":83.8175048828125,"y":10.863506317138672,"z":74.56800842285156},"rotation":{"x":-0.03422417864203453,"y":-0.9639521241188049,"z":0.15338535606861115,"w":-0.21479777991771699},"size":7.166447162628174,"orthographic":false}