{"cameraMode":{"drawMode":0,"name":"Shaded","section":"Shading Mode"},"sceneLighting":false,"audioPlay":false,"sceneViewState":{"showFog":true,"showMaterialUpdate":false,"showSkybox":true,"showFlares":true,"showImageEffects":true,"showParticleSystems":true},"in2DMode":false,"pivot":{"x":119.0279541015625,"y":-19.592952728271486,"z":35.883544921875},"rotation":{"x":0.015580723062157631,"y":-0.939582884311676,"z":0.3392522931098938,"w":0.0431559793651104},"size":63.91520309448242,"orthographic":false}