{"cameraMode":{"drawMode":0,"name":"Shaded","section":"Shading Mode"},"sceneLighting":false,"audioPlay":false,"sceneViewState":{"showFog":true,"showMaterialUpdate":false,"showSkybox":true,"showFlares":true,"showImageEffects":true,"showParticleSystems":true},"in2DMode":false,"pivot":{"x":68.05665588378906,"y":33.191436767578128,"z":48.593589782714847},"rotation":{"x":0.29035991430282595,"y":-0.4421558082103729,"z":0.153828427195549,"w":0.8345918655395508},"size":22.26927947998047,"orthographic":false}