{"cameraMode":{"drawMode":0,"name":"Shaded","section":"Shading Mode"},"sceneLighting":false,"audioPlay":false,"sceneViewState":{"showFog":true,"showMaterialUpdate":false,"showSkybox":true,"showFlares":true,"showImageEffects":true,"showParticleSystems":true},"in2DMode":false,"pivot":{"x":105.85210418701172,"y":43.48232650756836,"z":-8.230213165283204},"rotation":{"x":0.34832730889320376,"y":0.011849898844957352,"z":-0.004362865816801786,"w":0.9373074173927307},"size":26.221099853515626,"orthographic":false}