{"cameraMode":{"drawMode":0,"name":"Shaded","section":"Shading Mode"},"sceneLighting":false,"audioPlay":false,"sceneViewState":{"showFog":true,"showMaterialUpdate":false,"showSkybox":true,"showFlares":true,"showImageEffects":true,"showParticleSystems":true},"in2DMode":false,"pivot":{"x":57.748260498046878,"y":-11.20733642578125,"z":58.867279052734378},"rotation":{"x":-0.28679320216178896,"y":-0.48408570885658266,"z":0.1716785728931427,"w":-0.8086711764335632},"size":57.843299865722659,"orthographic":false}