{"cameraMode":{"drawMode":0,"name":"Shaded","section":"Shading Mode"},"sceneLighting":true,"audioPlay":false,"sceneViewState":{"showFog":true,"showMaterialUpdate":false,"showSkybox":true,"showFlares":true,"showImageEffects":true,"showParticleSystems":true},"in2DMode":false,"pivot":{"x":3.798882484436035,"y":7.049887657165527,"z":-2.4356637001037599},"rotation":{"x":-0.15849652886390687,"y":0.7454497814178467,"z":-0.19098788499832154,"w":-0.6186367273330689},"size":8.338690757751465,"orthographic":false}